<?xml version="1.0" encoding="UTF-8"?>
<beans xmlns="http://www.springframework.org/schema/beans"
       xmlns:xsi="http://www.w3.org/2001/XMLSchema-instance"
       xsi:schemaLocation="
        http://www.springframework.org/schema/beans http://www.springframework.org/schema/beans/spring-beans.xsd">

    <!-- bean definitions here -->
    <bean id="st1" class="org.example.Engine" > </bean>

    <bean id="bt1" class="org.example.Battery"/>

    <bean id="b1" class="org.example.Diesel" autowire="constructor">
        <constructor-arg index="0" value="20"/>
        <constructor-arg index="1" value="15"/>
        <constructor-arg index="2" ref="st1"/>
    </bean>


</beans>
